fold,train_size,test_size,test_start,test_end,test_sharpe,test_max_dd,rmse,directional_accuracy,mean_strategy_return
0.0,492.0,507.0,507.0,1013.0,-0.12248350794753515,-0.3820093046397186,0.014254368961655524,0.4930966469428008,-0.00011006789765106801
1.0,999.0,507.0,1014.0,1520.0,-0.9764796432698991,-0.611558305329854,0.022274706422095007,0.5009861932938856,-0.0013686108682283975
2.0,1506.0,507.0,1521.0,2027.0,-0.14320885266435845,-0.41132668291181396,0.02285066209628328,0.4477317554240631,-0.00020625270268249637
3.0,2013.0,507.0,2028.0,2534.0,-1.1184765432480035,-0.6505749637474265,0.021219857605713873,0.46548323471400394,-0.0014912719052553498
4.0,2520.0,507.0,2535.0,3041.0,-0.0036772788361594763,-0.32457506396680313,0.015830282278543797,0.4911242603550296,-3.670635578336998e-06
