fold,train_size,test_size,test_start,test_end,test_sharpe,test_max_dd,rmse,directional_accuracy,mean_strategy_return
0.0,499.0,514.0,514.0,1027.0,9.22977378130779,-0.06141974087208013,0.010554182607401801,0.7159533073929961,0.007323269903355791
1.0,1013.0,514.0,1028.0,1541.0,8.38599430204407,-0.06657329893835062,0.014835618817520976,0.7276264591439688,0.010190241575742193
2.0,1527.0,514.0,1542.0,2055.0,7.921118922400959,-0.0743984056732081,0.019717820100962558,0.7470817120622568,0.010265324805140506
3.0,2041.0,514.0,2056.0,2569.0,13.060121305864808,-0.04334769311746378,0.014368360520139525,0.8326848249027238,0.013469453881729463
4.0,2555.0,514.0,2570.0,3083.0,13.721705083579112,-0.03122675000960551,0.008366683109832363,0.8404669260700389,0.010307472679961942
