fold,train_size,test_size,test_start,test_end,test_sharpe,test_max_dd,rmse,directional_accuracy,mean_strategy_return
0.0,495.0,510.0,510.0,1019.0,8.099287412881667,-0.05786984578950638,0.011356833532919974,0.6862745098039216,0.006525103695048038
1.0,1005.0,510.0,1020.0,1529.0,7.1011220599213,-0.149748028868108,0.01828406105728075,0.696078431372549,0.0090773510980252
2.0,1515.0,510.0,1530.0,2039.0,6.900786419417807,-0.07439840567320821,0.017898541658412582,0.7156862745098039,0.009082579439203889
3.0,2025.0,510.0,2040.0,2549.0,13.622687603552514,-0.02801486342382109,0.012719695918679635,0.8274509803921568,0.013834760957770255
4.0,2535.0,510.0,2550.0,3059.0,13.792334365455353,-0.027109901753441745,0.008266191958350806,0.8333333333333334,0.010345034679713013
